Problem Names,-2,-1,False,True,acc
gpt_generated/test/competition/3949/expert.txt,0,0,23,0,0.00
gpt_generated/test/competition/3949/question.txt,0,0,23,0,0.00
gpt_generated/test/competition/3886/expert.txt,0,31,0,0,0.00
gpt_generated/test/competition/3886/question.txt,1,0,0,0,0.00
gpt_generated/test/competition/3823/expert.txt,1,0,0,0,0.00
gpt_generated/test/competition/3823/question.txt,0,0,42,0,0.00
gpt_generated/test/competition/3990/expert.txt,0,0,13,7,35.00
gpt_generated/test/competition/3990/question.txt,0,0,20,0,0.00
gpt_generated/test/competition/3929/expert.txt,0,0,23,3,11.54
gpt_generated/test/competition/3929/question.txt,0,0,23,3,11.54
gpt_generated/test/interview/2982/expert.txt,0,0,2,0,0.00
gpt_generated/test/interview/2982/question.txt,0,0,2,0,0.00
gpt_generated/test/interview/2879/expert.txt,0,0,3,0,0.00
gpt_generated/test/interview/2879/question.txt,1,0,0,0,0.00
gpt_generated/test/interview/2994/expert.txt,0,0,2,0,0.00
gpt_generated/test/interview/2994/question.txt,0,0,2,0,0.00
gpt_generated/test/interview/2812/expert.txt,0,0,3,0,0.00
gpt_generated/test/interview/2812/question.txt,0,0,3,0,0.00
gpt_generated/test/interview/0277/expert.txt,0,0,64,0,0.00
gpt_generated/test/interview/0277/question.txt,0,0,64,0,0.00
gpt_generated/test/competition/3945/expert.txt,0,0,22,1,4.35
gpt_generated/test/competition/3945/question.txt,0,0,22,1,4.35
gpt_generated/test/interview/2863/expert.txt,1,0,0,0,0.00
gpt_generated/test/interview/2863/question.txt,1,0,0,0,0.00
gpt_generated/test/interview/2835/expert.txt,1,0,0,0,0.00
gpt_generated/test/interview/2835/question.txt,0,0,1,2,66.67
gpt_generated/test/interview/2869/expert.txt,0,0,1,2,66.67
gpt_generated/test/interview/2869/question.txt,1,0,0,0,0.00
gpt_generated/test/interview/1282/expert.txt,0,0,12,8,40.00
gpt_generated/test/interview/1282/question.txt,1,0,0,0,0.00
gpt_generated/test/competition/3965/expert.txt,0,0,6,16,72.73
gpt_generated/test/competition/3965/question.txt,0,0,10,12,54.55
gpt_generated/test/interview/2801/expert.txt,0,0,3,0,0.00
gpt_generated/test/interview/2801/question.txt,0,0,3,0,0.00
gpt_generated/test/competition/3997/expert.txt,0,20,0,0,0.00
gpt_generated/test/competition/3997/question.txt,0,20,0,0,0.00
gpt_generated/test/interview/2928/expert.txt,0,0,2,0,0.00
gpt_generated/test/interview/2928/question.txt,0,1,1,0,0.00
gpt_generated/test/interview/2941/expert.txt,0,2,0,0,0.00
gpt_generated/test/interview/2941/question.txt,0,2,0,0,0.00
gpt_generated/test/competition/3798/expert.txt,0,47,0,0,0.00
gpt_generated/test/competition/3798/question.txt,0,22,3,22,46.81
gpt_generated/test/competition/3984/expert.txt,0,20,0,0,0.00
gpt_generated/test/competition/3984/question.txt,0,0,20,0,0.00
gpt_generated/test/interview/2999/expert.txt,0,0,2,0,0.00
gpt_generated/test/interview/2999/question.txt,0,0,1,1,50.00
gpt_generated/test/competition/3796/expert.txt,0,35,12,0,0.00
gpt_generated/test/competition/3796/question.txt,0,7,40,0,0.00
gpt_generated/test/interview/2880/expert.txt,0,3,0,0,0.00
gpt_generated/test/interview/2880/question.txt,0,0,2,1,33.33
gpt_generated/test/interview/2858/expert.txt,0,3,0,0,0.00
gpt_generated/test/interview/2858/question.txt,0,3,0,0,0.00
gpt_generated/test/interview/2871/expert.txt,0,0,3,0,0.00
gpt_generated/test/interview/2871/question.txt,0,0,2,1,33.33
gpt_generated/test/competition/3970/expert.txt,0,0,19,3,13.64
gpt_generated/test/competition/3970/question.txt,0,0,14,8,36.36
gpt_generated/test/competition/3989/expert.txt,0,0,25,0,0.00
gpt_generated/test/competition/3989/question.txt,0,0,25,0,0.00
gpt_generated/test/interview/2937/expert.txt,0,0,1,1,50.00
gpt_generated/test/interview/2937/question.txt,0,2,0,0,0.00
gpt_generated/test/interview/2960/expert.txt,1,0,0,0,0.00
gpt_generated/test/interview/2960/question.txt,0,0,2,0,0.00
gpt_generated/test/competition/3795/expert.txt,0,0,41,6,12.77
gpt_generated/test/competition/3795/question.txt,0,0,41,6,12.77
gpt_generated/test/competition/3871/expert.txt,0,0,33,1,2.94
gpt_generated/test/competition/3871/question.txt,0,34,0,0,0.00
gpt_generated/test/competition/3818/expert.txt,1,0,0,0,0.00
gpt_generated/test/competition/3818/question.txt,0,39,4,0,0.00
gpt_generated/test/competition/3910/expert.txt,0,28,0,0,0.00
gpt_generated/test/competition/3910/question.txt,1,0,0,0,0.00
gpt_generated/test/competition/3520/expert.txt,0,0,2,0,0.00
gpt_generated/test/competition/3520/question.txt,0,0,2,0,0.00
gpt_generated/test/interview/1170/expert.txt,0,0,11,12,52.17
gpt_generated/test/interview/1170/question.txt,0,0,4,19,82.61
gpt_generated/test/competition/3833/expert.txt,0,0,39,2,4.88
gpt_generated/test/competition/3833/question.txt,0,0,39,2,4.88
gpt_generated/test/interview/2798/expert.txt,0,0,3,0,0.00
gpt_generated/test/interview/2798/question.txt,0,0,1,2,66.67
gpt_generated/test/competition/3991/expert.txt,0,0,16,4,20.00
gpt_generated/test/competition/3991/question.txt,0,0,16,4,20.00
gpt_generated/test/interview/2849/expert.txt,0,0,2,1,33.33
gpt_generated/test/interview/2849/question.txt,1,0,0,0,0.00
gpt_generated/test/interview/2886/expert.txt,1,0,0,0,0.00
gpt_generated/test/interview/2886/question.txt,1,0,0,0,0.00
gpt_generated/test/interview/2926/expert.txt,0,2,0,0,0.00
gpt_generated/test/interview/2926/question.txt,1,0,0,0,0.00
gpt_generated/test/competition/3874/expert.txt,0,0,26,8,23.53
gpt_generated/test/competition/3874/question.txt,0,0,34,0,0.00
gpt_generated/test/competition/3801/expert.txt,0,0,46,0,0.00
gpt_generated/test/competition/3801/question.txt,0,0,46,0,0.00
gpt_generated/test/competition/3954/expert.txt,0,0,18,5,21.74
gpt_generated/test/competition/3954/question.txt,0,0,18,5,21.74
gpt_generated/test/competition/3868/expert.txt,0,19,13,2,5.88
gpt_generated/test/competition/3868/question.txt,0,0,34,0,0.00
gpt_generated/test/interview/2827/expert.txt,0,0,3,0,0.00
gpt_generated/test/interview/2827/question.txt,0,0,2,1,33.33
gpt_generated/test/competition/3943/expert.txt,0,0,24,0,0.00
gpt_generated/test/competition/3943/question.txt,0,0,20,4,16.67
gpt_generated/test/competition/3932/expert.txt,0,0,13,12,48.00
gpt_generated/test/competition/3932/question.txt,0,0,13,12,48.00
gpt_generated/test/competition/3875/expert.txt,0,0,33,1,2.94
gpt_generated/test/competition/3875/question.txt,0,0,33,1,2.94
gpt_generated/test/interview/2874/expert.txt,0,0,0,3,100.00
gpt_generated/test/interview/2874/question.txt,0,1,2,0,0.00
gpt_generated/test/interview/2996/expert.txt,0,2,0,0,0.00
gpt_generated/test/interview/2996/question.txt,0,2,0,0,0.00
gpt_generated/test/competition/3638/expert.txt,0,0,0,2,100.00
gpt_generated/test/competition/3638/question.txt,0,0,0,2,100.00
gpt_generated/test/interview/2793/expert.txt,0,0,2,1,33.33
gpt_generated/test/interview/2793/question.txt,0,0,2,1,33.33
gpt_generated/test/interview/2878/expert.txt,0,0,2,1,33.33
gpt_generated/test/interview/2878/question.txt,0,0,2,1,33.33
gpt_generated/test/competition/3960/expert.txt,0,0,15,7,31.82
gpt_generated/test/competition/3960/question.txt,0,0,20,2,9.09
gpt_generated/test/interview/2966/expert.txt,0,0,2,0,0.00
gpt_generated/test/interview/2966/question.txt,0,0,2,0,0.00
gpt_generated/test/competition/3811/expert.txt,1,0,0,0,0.00
gpt_generated/test/competition/3811/question.txt,0,14,21,14,28.57
gpt_generated/test/interview/2985/expert.txt,1,0,0,0,0.00
gpt_generated/test/interview/2985/question.txt,0,1,1,0,0.00
gpt_generated/test/interview/2820/expert.txt,0,3,0,0,0.00
gpt_generated/test/interview/2820/question.txt,0,3,0,0,0.00
gpt_generated/test/competition/3959/expert.txt,0,22,0,0,0.00
gpt_generated/test/competition/3959/question.txt,0,22,0,0,0.00
gpt_generated/test/competition/3969/expert.txt,0,10,11,1,4.55
gpt_generated/test/competition/3969/question.txt,0,1,19,2,9.09
gpt_generated/test/interview/2903/expert.txt,0,1,1,0,0.00
gpt_generated/test/interview/2903/question.txt,0,0,1,1,50.00
gpt_generated/test/competition/3967/expert.txt,0,4,18,0,0.00
gpt_generated/test/competition/3967/question.txt,0,4,18,0,0.00
gpt_generated/test/competition/3920/expert.txt,0,0,26,0,0.00
gpt_generated/test/competition/3920/question.txt,0,0,26,0,0.00
gpt_generated/test/competition/3873/expert.txt,0,0,33,1,2.94
gpt_generated/test/competition/3873/question.txt,0,0,3,31,91.18
gpt_generated/test/interview/2898/expert.txt,0,0,1,1,50.00
gpt_generated/test/interview/2898/question.txt,0,0,2,0,0.00
gpt_generated/test/competition/3849/expert.txt,0,0,23,15,39.47
gpt_generated/test/competition/3849/question.txt,0,0,26,12,31.58
gpt_generated/test/competition/3925/expert.txt,0,0,12,14,53.85
gpt_generated/test/competition/3925/question.txt,0,0,22,4,15.38
gpt_generated/test/interview/0947/expert.txt,0,0,22,6,21.43
gpt_generated/test/interview/0947/question.txt,0,0,22,6,21.43
gpt_generated/test/interview/2802/expert.txt,0,0,3,0,0.00
gpt_generated/test/interview/2802/question.txt,1,0,0,0,0.00
gpt_generated/test/competition/3971/expert.txt,0,0,21,1,4.55
gpt_generated/test/competition/3971/question.txt,0,0,21,1,4.55
gpt_generated/test/interview/2819/expert.txt,0,0,3,0,0.00
gpt_generated/test/interview/2819/question.txt,0,0,2,1,33.33
gpt_generated/test/competition/3797/expert.txt,0,47,0,0,0.00
gpt_generated/test/competition/3797/question.txt,1,0,0,0,0.00
gpt_generated/test/competition/3777/expert.txt,0,52,0,0,0.00
gpt_generated/test/competition/3777/question.txt,0,0,52,0,0.00
gpt_generated/test/interview/2904/expert.txt,0,2,0,0,0.00
gpt_generated/test/interview/2904/question.txt,0,2,0,0,0.00
gpt_generated/test/interview/2952/expert.txt,0,0,2,0,0.00
gpt_generated/test/interview/2952/question.txt,0,0,2,0,0.00
gpt_generated/test/interview/2907/expert.txt,0,0,1,1,50.00
gpt_generated/test/interview/2907/question.txt,0,0,2,0,0.00
gpt_generated/test/competition/3794/expert.txt,0,0,45,2,4.26
gpt_generated/test/competition/3794/question.txt,0,0,45,2,4.26
gpt_generated/test/interview/2924/expert.txt,0,0,1,1,50.00
gpt_generated/test/interview/2924/question.txt,1,0,0,0,0.00
gpt_generated/test/interview/2779/expert.txt,0,0,3,0,0.00
gpt_generated/test/interview/2779/question.txt,1,0,0,0,0.00
gpt_generated/test/interview/2872/expert.txt,0,0,2,1,33.33
gpt_generated/test/interview/2872/question.txt,0,0,2,1,33.33
gpt_generated/test/competition/3963/expert.txt,0,22,0,0,0.00
gpt_generated/test/competition/3963/question.txt,0,22,0,0,0.00
gpt_generated/test/interview/2909/expert.txt,0,0,0,2,100.00
gpt_generated/test/interview/2909/question.txt,0,0,1,1,50.00
gpt_generated/test/competition/3839/expert.txt,0,40,0,0,0.00
gpt_generated/test/competition/3839/question.txt,0,40,0,0,0.00
gpt_generated/test/competition/3992/expert.txt,0,3,15,2,10.00
gpt_generated/test/competition/3992/question.txt,1,0,0,0,0.00
gpt_generated/test/competition/3782/expert.txt,0,51,0,0,0.00
gpt_generated/test/competition/3782/question.txt,0,38,10,3,5.88
gpt_generated/test/competition/3891/expert.txt,0,0,10,20,66.67
gpt_generated/test/competition/3891/question.txt,0,0,10,20,66.67
gpt_generated/test/competition/3842/expert.txt,0,0,36,3,7.69
gpt_generated/test/competition/3842/question.txt,0,0,39,0,0.00
gpt_generated/test/interview/2993/expert.txt,0,0,2,0,0.00
gpt_generated/test/interview/2993/question.txt,0,0,2,0,0.00
gpt_generated/test/interview/2840/expert.txt,0,0,3,0,0.00
gpt_generated/test/interview/2840/question.txt,1,0,0,0,0.00
gpt_generated/test/competition/3966/expert.txt,0,0,18,4,18.18
gpt_generated/test/competition/3966/question.txt,0,0,18,4,18.18
gpt_generated/test/competition/3928/expert.txt,0,0,24,2,7.69
gpt_generated/test/competition/3928/question.txt,0,0,24,2,7.69
gpt_generated/test/interview/2887/expert.txt,0,1,1,0,0.00
gpt_generated/test/interview/2887/question.txt,0,1,1,0,0.00
gpt_generated/test/interview/2861/expert.txt,0,0,3,0,0.00
gpt_generated/test/interview/2861/question.txt,1,0,0,0,0.00
gpt_generated/test/competition/3827/expert.txt,0,0,21,21,50.00
gpt_generated/test/competition/3827/question.txt,0,0,5,37,88.10
gpt_generated/test/competition/3944/expert.txt,0,0,24,0,0.00
gpt_generated/test/competition/3944/question.txt,0,0,24,0,0.00
gpt_generated/test/competition/3890/expert.txt,0,30,0,0,0.00
gpt_generated/test/competition/3890/question.txt,0,0,29,1,3.33
gpt_generated/test/competition/3976/expert.txt,0,7,11,3,14.29
gpt_generated/test/competition/3976/question.txt,0,0,14,7,33.33
gpt_generated/test/interview/2961/expert.txt,0,0,1,1,50.00
gpt_generated/test/interview/2961/question.txt,1,0,0,0,0.00
gpt_generated/test/competition/3771/expert.txt,1,0,0,0,0.00
gpt_generated/test/competition/3771/question.txt,0,54,0,0,0.00
gpt_generated/test/interview/2877/expert.txt,0,0,2,1,33.33
gpt_generated/test/interview/2877/question.txt,0,0,3,0,0.00
gpt_generated/test/competition/3768/expert.txt,0,0,54,0,0.00
gpt_generated/test/competition/3768/question.txt,0,0,49,5,9.26
gpt_generated/test/competition/3773/expert.txt,0,5,31,22,37.93
gpt_generated/test/competition/3773/question.txt,1,0,0,0,0.00
gpt_generated/test/competition/3888/expert.txt,0,29,0,2,6.45
gpt_generated/test/competition/3888/question.txt,0,29,2,0,0.00
gpt_generated/test/competition/3809/expert.txt,1,0,0,0,0.00
gpt_generated/test/competition/3809/question.txt,0,0,40,4,9.09
gpt_generated/test/competition/3770/expert.txt,0,54,0,0,0.00
gpt_generated/test/competition/3770/question.txt,0,0,54,0,0.00
gpt_generated/test/competition/3767/expert.txt,0,0,54,0,0.00
gpt_generated/test/competition/3767/question.txt,0,0,54,0,0.00
gpt_generated/test/competition/3817/expert.txt,0,0,39,4,9.30
gpt_generated/test/competition/3817/question.txt,0,19,21,3,6.98
gpt_generated/test/interview/2805/expert.txt,0,0,0,3,100.00
gpt_generated/test/interview/2805/question.txt,0,0,0,3,100.00
gpt_generated/test/interview/2897/expert.txt,0,0,2,0,0.00
gpt_generated/test/interview/2897/question.txt,0,0,1,1,50.00
gpt_generated/test/interview/2121/expert.txt,0,0,4,3,42.86
gpt_generated/test/interview/2121/question.txt,0,0,6,1,14.29
gpt_generated/test/interview/2962/expert.txt,0,0,1,1,50.00
gpt_generated/test/interview/2962/question.txt,0,0,1,1,50.00
gpt_generated/test/competition/3844/expert.txt,0,0,17,22,56.41
gpt_generated/test/competition/3844/question.txt,0,0,17,22,56.41
gpt_generated/test/competition/3860/expert.txt,0,0,32,3,8.57
gpt_generated/test/competition/3860/question.txt,0,0,31,4,11.43
gpt_generated/test/interview/2923/expert.txt,0,2,0,0,0.00
gpt_generated/test/interview/2923/question.txt,0,0,2,0,0.00
gpt_generated/test/competition/3988/expert.txt,0,0,20,0,0.00
gpt_generated/test/competition/3988/question.txt,0,0,18,2,10.00
gpt_generated/test/competition/3832/expert.txt,0,0,41,0,0.00
gpt_generated/test/competition/3832/question.txt,0,0,40,1,2.44
gpt_generated/test/interview/2883/expert.txt,1,0,0,0,0.00
gpt_generated/test/interview/2883/question.txt,1,0,0,0,0.00
gpt_generated/test/interview/2949/expert.txt,1,0,0,0,0.00
gpt_generated/test/interview/2949/question.txt,0,0,2,0,0.00
gpt_generated/test/interview/2837/expert.txt,1,0,0,0,0.00
gpt_generated/test/interview/2837/question.txt,1,0,0,0,0.00
gpt_generated/test/interview/0773/expert.txt,0,0,22,11,33.33
gpt_generated/test/interview/0773/question.txt,1,0,0,0,0.00
gpt_generated/test/competition/3815/expert.txt,0,43,0,0,0.00
gpt_generated/test/competition/3815/question.txt,0,43,0,0,0.00
gpt_generated/test/interview/1558/expert.txt,0,0,15,0,0.00
gpt_generated/test/interview/1558/question.txt,0,0,12,3,20.00
gpt_generated/test/interview/2843/expert.txt,0,0,3,0,0.00
gpt_generated/test/interview/2843/question.txt,0,0,1,2,66.67
gpt_generated/test/interview/2836/expert.txt,0,0,3,0,0.00
gpt_generated/test/interview/2836/question.txt,0,0,3,0,0.00
gpt_generated/test/interview/2788/expert.txt,0,0,3,0,0.00
gpt_generated/test/interview/2788/question.txt,0,0,3,0,0.00
gpt_generated/test/interview/2687/expert.txt,0,0,2,0,0.00
gpt_generated/test/interview/2687/question.txt,1,0,0,0,0.00
gpt_generated/test/interview/2967/expert.txt,0,0,1,1,50.00
gpt_generated/test/interview/2967/question.txt,0,0,2,0,0.00
gpt_generated/test/interview/2932/expert.txt,0,0,1,1,50.00
gpt_generated/test/interview/2932/question.txt,0,0,1,1,50.00
gpt_generated/test/interview/2948/expert.txt,0,2,0,0,0.00
gpt_generated/test/interview/2948/question.txt,0,2,0,0,0.00
gpt_generated/test/competition/3784/expert.txt,1,0,0,0,0.00
gpt_generated/test/competition/3784/question.txt,1,0,0,0,0.00
gpt_generated/test/competition/3931/expert.txt,0,0,21,4,16.00
gpt_generated/test/competition/3931/question.txt,0,0,23,2,8.00
gpt_generated/test/interview/2856/expert.txt,0,0,2,1,33.33
gpt_generated/test/interview/2856/question.txt,0,0,1,2,66.67
gpt_generated/test/interview/2852/expert.txt,0,0,3,0,0.00
gpt_generated/test/interview/2852/question.txt,0,0,3,0,0.00
gpt_generated/test/interview/2813/expert.txt,0,0,3,0,0.00
gpt_generated/test/interview/2813/question.txt,0,0,2,1,33.33
gpt_generated/test/competition/3993/expert.txt,0,7,10,3,15.00
gpt_generated/test/competition/3993/question.txt,0,0,20,0,0.00
gpt_generated/test/interview/2910/expert.txt,0,2,0,0,0.00
gpt_generated/test/interview/2910/question.txt,0,0,0,2,100.00
gpt_generated/test/interview/2978/expert.txt,0,0,1,1,50.00
gpt_generated/test/interview/2978/question.txt,0,0,1,1,50.00
gpt_generated/test/interview/2977/expert.txt,0,0,2,0,0.00
gpt_generated/test/interview/2977/question.txt,1,0,0,0,0.00
gpt_generated/test/interview/2418/expert.txt,0,3,0,0,0.00
gpt_generated/test/interview/2418/question.txt,0,3,0,0,0.00
gpt_generated/test/interview/2943/expert.txt,0,2,0,0,0.00
gpt_generated/test/interview/2943/question.txt,0,0,2,0,0.00
gpt_generated/test/competition/3962/expert.txt,0,22,0,0,0.00
gpt_generated/test/competition/3962/question.txt,0,0,20,2,9.09
gpt_generated/test/interview/2786/expert.txt,1,0,0,0,0.00
gpt_generated/test/interview/2786/question.txt,0,0,3,0,0.00
gpt_generated/test/interview/2814/expert.txt,0,0,2,1,33.33
gpt_generated/test/interview/2814/question.txt,0,0,2,1,33.33
gpt_generated/test/competition/3879/expert.txt,0,0,10,23,69.70
gpt_generated/test/competition/3879/question.txt,0,0,13,20,60.61
gpt_generated/test/competition/3894/expert.txt,0,0,16,14,46.67
gpt_generated/test/competition/3894/question.txt,0,0,14,16,53.33
gpt_generated/test/competition/3878/expert.txt,0,31,1,1,3.03
gpt_generated/test/competition/3878/question.txt,0,0,33,0,0.00
gpt_generated/test/interview/2866/expert.txt,0,0,2,1,33.33
gpt_generated/test/interview/2866/question.txt,0,0,2,1,33.33
gpt_generated/test/interview/2449/expert.txt,0,3,0,0,0.00
gpt_generated/test/interview/2449/question.txt,0,3,0,0,0.00
gpt_generated/test/competition/3814/expert.txt,0,0,44,0,0.00
gpt_generated/test/competition/3814/question.txt,0,0,43,1,2.27
gpt_generated/test/competition/3762/expert.txt,0,33,21,1,1.82
gpt_generated/test/competition/3762/question.txt,0,0,53,2,3.64
gpt_generated/test/interview/2954/expert.txt,0,2,0,0,0.00
gpt_generated/test/interview/2954/question.txt,0,2,0,0,0.00
gpt_generated/test/interview/2947/expert.txt,0,0,2,0,0.00
gpt_generated/test/interview/2947/question.txt,0,0,2,0,0.00
gpt_generated/test/competition/3789/expert.txt,0,0,49,0,0.00
gpt_generated/test/competition/3789/question.txt,1,0,0,0,0.00
gpt_generated/test/competition/3924/expert.txt,0,0,23,3,11.54
gpt_generated/test/competition/3924/question.txt,0,0,15,11,42.31
gpt_generated/test/interview/2933/expert.txt,0,0,1,1,50.00
gpt_generated/test/interview/2933/question.txt,0,0,1,1,50.00
gpt_generated/test/competition/3803/expert.txt,0,12,23,11,23.91
gpt_generated/test/competition/3803/question.txt,1,0,0,0,0.00
gpt_generated/test/competition/3776/expert.txt,0,12,33,7,13.46
gpt_generated/test/competition/3776/question.txt,0,10,34,8,15.38
gpt_generated/test/competition/3496/expert.txt,0,0,2,0,0.00
gpt_generated/test/competition/3496/question.txt,0,1,1,0,0.00
gpt_generated/test/interview/2854/expert.txt,0,0,1,2,66.67
gpt_generated/test/interview/2854/question.txt,0,1,1,1,33.33
gpt_generated/test/interview/2984/expert.txt,0,0,2,0,0.00
gpt_generated/test/interview/2984/question.txt,0,2,0,0,0.00
gpt_generated/test/interview/2922/expert.txt,0,0,0,2,100.00
gpt_generated/test/interview/2922/question.txt,0,0,1,1,50.00
gpt_generated/test/competition/3982/expert.txt,0,0,20,1,4.76
gpt_generated/test/competition/3982/question.txt,0,0,20,1,4.76
gpt_generated/test/competition/3866/expert.txt,0,0,32,2,5.88
gpt_generated/test/competition/3866/question.txt,0,0,34,0,0.00
gpt_generated/test/competition/3877/expert.txt,0,0,33,0,0.00
gpt_generated/test/competition/3877/question.txt,0,0,33,0,0.00
gpt_generated/test/competition/3428/expert.txt,0,0,2,0,0.00
gpt_generated/test/competition/3428/question.txt,0,0,2,0,0.00
gpt_generated/test/competition/3998/expert.txt,0,0,20,0,0.00
gpt_generated/test/competition/3998/question.txt,0,0,18,2,10.00
gpt_generated/test/interview/0614/expert.txt,0,0,26,14,35.00
gpt_generated/test/interview/0614/question.txt,0,40,0,0,0.00
gpt_generated/test/competition/3913/expert.txt,0,0,27,0,0.00
gpt_generated/test/competition/3913/question.txt,0,0,27,0,0.00
gpt_generated/test/interview/2846/expert.txt,0,0,0,3,100.00
gpt_generated/test/interview/2846/question.txt,0,0,0,3,100.00
gpt_generated/test/competition/3996/expert.txt,0,0,20,0,0.00
gpt_generated/test/competition/3996/question.txt,0,0,20,0,0.00
gpt_generated/test/interview/2929/expert.txt,1,0,0,0,0.00
gpt_generated/test/interview/2929/question.txt,1,0,0,0,0.00
gpt_generated/test/interview/2438/expert.txt,0,0,3,0,0.00
gpt_generated/test/interview/2438/question.txt,0,0,3,0,0.00
gpt_generated/test/interview/2983/expert.txt,0,2,0,0,0.00
gpt_generated/test/interview/2983/question.txt,0,0,2,0,0.00
gpt_generated/test/interview/2845/expert.txt,1,0,0,0,0.00
gpt_generated/test/interview/2845/question.txt,0,0,3,0,0.00
gpt_generated/test/competition/3889/expert.txt,0,0,19,11,36.67
gpt_generated/test/competition/3889/question.txt,0,0,19,11,36.67
gpt_generated/test/interview/2882/expert.txt,1,0,0,0,0.00
gpt_generated/test/interview/2882/question.txt,1,0,0,0,0.00
gpt_generated/test/interview/2895/expert.txt,1,0,0,0,0.00
gpt_generated/test/interview/2895/question.txt,0,0,1,1,50.00
gpt_generated/test/competition/3952/expert.txt,0,0,23,0,0.00
gpt_generated/test/competition/3952/question.txt,0,0,23,0,0.00
gpt_generated/test/competition/3940/expert.txt,0,0,19,5,20.83
gpt_generated/test/competition/3940/question.txt,0,0,24,0,0.00
gpt_generated/test/competition/3978/expert.txt,0,0,5,16,76.19
gpt_generated/test/competition/3978/question.txt,0,0,5,16,76.19
gpt_generated/test/interview/2787/expert.txt,1,0,0,0,0.00
gpt_generated/test/interview/2787/question.txt,1,0,0,0,0.00
gpt_generated/test/interview/1770/expert.txt,0,0,7,5,41.67
gpt_generated/test/interview/1770/question.txt,0,0,7,5,41.67
gpt_generated/test/competition/3843/expert.txt,0,0,37,2,5.13
gpt_generated/test/competition/3843/question.txt,0,0,38,1,2.56
gpt_generated/test/competition/3774/expert.txt,0,0,40,12,23.08
gpt_generated/test/competition/3774/question.txt,0,0,32,20,38.46
gpt_generated/test/competition/3979/expert.txt,0,19,2,0,0.00
gpt_generated/test/competition/3979/question.txt,0,0,21,0,0.00
gpt_generated/test/interview/2969/expert.txt,0,0,2,0,0.00
gpt_generated/test/interview/2969/question.txt,0,1,1,0,0.00
gpt_generated/test/competition/3772/expert.txt,0,0,36,17,32.08
gpt_generated/test/competition/3772/question.txt,0,0,36,17,32.08
gpt_generated/test/competition/3939/expert.txt,0,24,0,0,0.00
gpt_generated/test/competition/3939/question.txt,0,0,14,10,41.67
gpt_generated/test/competition/3850/expert.txt,0,0,34,4,10.53
gpt_generated/test/competition/3850/question.txt,0,9,29,0,0.00
gpt_generated/test/interview/2900/expert.txt,0,0,2,0,0.00
gpt_generated/test/interview/2900/question.txt,0,0,2,0,0.00
gpt_generated/test/competition/3968/expert.txt,0,4,0,0,0.00
gpt_generated/test/competition/3968/question.txt,0,4,0,0,0.00
gpt_generated/test/interview/2790/expert.txt,0,0,3,0,0.00
gpt_generated/test/interview/2790/question.txt,0,0,3,0,0.00
gpt_generated/test/interview/2873/expert.txt,0,0,3,0,0.00
gpt_generated/test/interview/2873/question.txt,1,0,0,0,0.00
gpt_generated/test/competition/3899/expert.txt,0,0,28,1,3.45
gpt_generated/test/competition/3899/question.txt,0,0,28,1,3.45
gpt_generated/test/competition/3867/expert.txt,0,4,5,25,73.53
gpt_generated/test/competition/3867/question.txt,0,0,25,9,26.47
gpt_generated/test/interview/2925/expert.txt,0,0,2,0,0.00
gpt_generated/test/interview/2925/question.txt,0,0,2,0,0.00
gpt_generated/test/interview/0857/expert.txt,0,0,26,5,16.13
gpt_generated/test/interview/0857/question.txt,0,0,0,31,100.00
gpt_generated/test/interview/1686/expert.txt,0,0,13,0,0.00
gpt_generated/test/interview/1686/question.txt,0,0,10,3,23.08
gpt_generated/test/competition/3981/expert.txt,0,0,13,8,38.10
gpt_generated/test/competition/3981/question.txt,0,21,0,0,0.00
gpt_generated/test/competition/3893/expert.txt,0,0,30,0,0.00
gpt_generated/test/competition/3893/question.txt,0,0,30,0,0.00
gpt_generated/test/competition/3980/expert.txt,0,0,21,0,0.00
gpt_generated/test/competition/3980/question.txt,0,0,21,0,0.00
gpt_generated/test/interview/2921/expert.txt,0,0,2,0,0.00
gpt_generated/test/interview/2921/question.txt,1,0,0,0,0.00
gpt_generated/test/competition/3812/expert.txt,0,4,40,0,0.00
gpt_generated/test/competition/3812/question.txt,0,41,3,0,0.00
gpt_generated/test/interview/2223/expert.txt,0,0,5,1,16.67
gpt_generated/test/interview/2223/question.txt,0,0,4,2,33.33
gpt_generated/test/interview/2821/expert.txt,0,0,3,0,0.00
gpt_generated/test/interview/2821/question.txt,0,0,3,0,0.00
gpt_generated/test/interview/2991/expert.txt,0,0,2,0,0.00
gpt_generated/test/interview/2991/question.txt,0,0,2,0,0.00
gpt_generated/test/competition/3916/expert.txt,0,0,32,0,0.00
gpt_generated/test/competition/3916/question.txt,0,0,31,1,3.12
gpt_generated/test/interview/2884/expert.txt,1,0,0,0,0.00
gpt_generated/test/interview/2884/question.txt,1,0,0,0,0.00
gpt_generated/test/competition/3724/expert.txt,0,0,76,3,3.80
gpt_generated/test/competition/3724/question.txt,1,0,0,0,0.00
gpt_generated/test/competition/3806/expert.txt,0,45,0,0,0.00
gpt_generated/test/competition/3806/question.txt,0,0,45,0,0.00
gpt_generated/test/interview/2989/expert.txt,0,2,0,0,0.00
gpt_generated/test/interview/2989/question.txt,0,0,2,0,0.00
gpt_generated/test/interview/2899/expert.txt,0,0,2,0,0.00
gpt_generated/test/interview/2899/question.txt,0,0,2,0,0.00
gpt_generated/test/competition/3955/expert.txt,0,3,18,2,8.70
gpt_generated/test/competition/3955/question.txt,0,0,20,3,13.04
gpt_generated/test/interview/2804/expert.txt,0,0,3,0,0.00
gpt_generated/test/interview/2804/question.txt,1,0,0,0,0.00
gpt_generated/test/interview/2974/expert.txt,0,0,2,0,0.00
gpt_generated/test/interview/2974/question.txt,0,0,2,0,0.00
gpt_generated/test/interview/2796/expert.txt,0,0,3,0,0.00
gpt_generated/test/interview/2796/question.txt,0,3,0,0,0.00
gpt_generated/test/competition/3926/expert.txt,0,0,9,17,65.38
gpt_generated/test/competition/3926/question.txt,0,0,26,0,0.00
gpt_generated/test/interview/0423/expert.txt,1,0,0,0,0.00
gpt_generated/test/interview/0423/question.txt,0,0,50,0,0.00
gpt_generated/test/competition/3837/expert.txt,1,0,0,0,0.00
gpt_generated/test/competition/3837/question.txt,1,0,0,0,0.00
gpt_generated/test/competition/3847/expert.txt,0,0,38,0,0.00
gpt_generated/test/competition/3847/question.txt,0,0,35,3,7.89
gpt_generated/test/interview/2875/expert.txt,0,0,3,0,0.00
gpt_generated/test/interview/2875/question.txt,0,0,3,0,0.00
gpt_generated/test/competition/3961/expert.txt,0,0,20,2,9.09
gpt_generated/test/competition/3961/question.txt,0,0,22,0,0.00
gpt_generated/test/interview/2850/expert.txt,0,0,3,0,0.00
gpt_generated/test/interview/2850/question.txt,0,0,3,0,0.00
gpt_generated/test/interview/2825/expert.txt,0,3,0,0,0.00
gpt_generated/test/interview/2825/question.txt,0,3,0,0,0.00
gpt_generated/test/competition/3903/expert.txt,0,0,28,0,0.00
gpt_generated/test/competition/3903/question.txt,0,0,22,6,21.43
gpt_generated/test/competition/3799/expert.txt,0,0,20,27,57.45
gpt_generated/test/competition/3799/question.txt,0,0,27,20,42.55
gpt_generated/test/interview/2891/expert.txt,0,0,2,0,0.00
gpt_generated/test/interview/2891/question.txt,0,0,2,0,0.00
gpt_generated/test/interview/2799/expert.txt,1,0,0,0,0.00
gpt_generated/test/interview/2799/question.txt,0,0,3,0,0.00
gpt_generated/test/interview/2945/expert.txt,0,2,0,0,0.00
gpt_generated/test/interview/2945/question.txt,0,2,0,0,0.00
gpt_generated/test/interview/2965/expert.txt,0,2,0,0,0.00
gpt_generated/test/interview/2965/question.txt,0,0,2,0,0.00
gpt_generated/test/competition/3895/expert.txt,0,0,25,4,13.79
gpt_generated/test/competition/3895/question.txt,0,0,28,1,3.45
gpt_generated/test/interview/2901/expert.txt,0,0,2,0,0.00
gpt_generated/test/interview/2901/question.txt,0,0,2,0,0.00
gpt_generated/test/interview/2950/expert.txt,0,0,2,0,0.00
gpt_generated/test/interview/2950/question.txt,0,0,2,0,0.00
gpt_generated/test/competition/3994/expert.txt,0,20,0,0,0.00
gpt_generated/test/competition/3994/question.txt,0,20,0,0,0.00
gpt_generated/test/interview/2997/expert.txt,0,0,1,1,50.00
gpt_generated/test/interview/2997/question.txt,0,0,2,0,0.00
gpt_generated/test/competition/3465/expert.txt,0,1,1,0,0.00
gpt_generated/test/competition/3465/question.txt,0,1,1,0,0.00
gpt_generated/test/interview/1989/expert.txt,0,0,5,4,44.44
gpt_generated/test/interview/1989/question.txt,0,0,5,4,44.44
gpt_generated/test/interview/2838/expert.txt,0,0,3,0,0.00
gpt_generated/test/interview/2838/question.txt,0,0,3,0,0.00
gpt_generated/test/interview/2810/expert.txt,0,3,0,0,0.00
gpt_generated/test/interview/2810/question.txt,0,0,3,0,0.00
gpt_generated/test/competition/3957/expert.txt,0,0,22,0,0.00
gpt_generated/test/competition/3957/question.txt,0,0,18,4,18.18
gpt_generated/test/interview/2934/expert.txt,0,2,0,0,0.00
gpt_generated/test/interview/2934/question.txt,0,0,2,0,0.00
gpt_generated/test/competition/3896/expert.txt,0,0,24,5,17.24
gpt_generated/test/competition/3896/question.txt,0,0,25,4,13.79
gpt_generated/test/competition/3964/expert.txt,0,0,14,8,36.36
gpt_generated/test/competition/3964/question.txt,0,0,15,7,31.82
gpt_generated/test/interview/2959/expert.txt,0,0,2,0,0.00
gpt_generated/test/interview/2959/question.txt,1,0,0,0,0.00
gpt_generated/test/competition/3848/expert.txt,0,10,23,5,13.16
gpt_generated/test/competition/3848/question.txt,0,0,35,3,7.89
gpt_generated/test/interview/2809/expert.txt,0,0,3,0,0.00
gpt_generated/test/interview/2809/question.txt,0,0,3,0,0.00
gpt_generated/test/competition/3917/expert.txt,0,0,7,20,74.07
gpt_generated/test/competition/3917/question.txt,0,0,24,3,11.11
gpt_generated/test/interview/2894/expert.txt,0,0,2,0,0.00
gpt_generated/test/interview/2894/question.txt,0,0,2,0,0.00
gpt_generated/test/interview/2998/expert.txt,0,1,1,0,0.00
gpt_generated/test/interview/2998/question.txt,0,1,1,0,0.00
gpt_generated/test/interview/1486/expert.txt,0,0,16,0,0.00
gpt_generated/test/interview/1486/question.txt,0,0,16,0,0.00
gpt_generated/test/competition/3937/expert.txt,0,17,4,3,12.50
gpt_generated/test/competition/3937/question.txt,1,0,0,0,0.00
gpt_generated/test/competition/3985/expert.txt,0,0,19,1,5.00
gpt_generated/test/competition/3985/question.txt,0,0,17,3,15.00
gpt_generated/test/interview/2951/expert.txt,0,2,0,0,0.00
gpt_generated/test/interview/2951/question.txt,0,0,2,0,0.00
gpt_generated/test/competition/3977/expert.txt,0,19,2,0,0.00
gpt_generated/test/competition/3977/question.txt,0,0,21,0,0.00
gpt_generated/test/interview/1516/expert.txt,0,0,16,0,0.00
gpt_generated/test/interview/1516/question.txt,0,0,13,3,18.75
gpt_generated/test/interview/2785/expert.txt,0,3,0,0,0.00
gpt_generated/test/interview/2785/question.txt,0,0,2,1,33.33
gpt_generated/test/interview/2806/expert.txt,0,0,2,1,33.33
gpt_generated/test/interview/2806/question.txt,0,0,3,0,0.00
gpt_generated/test/competition/3824/expert.txt,0,0,42,0,0.00
gpt_generated/test/competition/3824/question.txt,0,0,42,0,0.00
gpt_generated/test/interview/2817/expert.txt,0,0,3,0,0.00
gpt_generated/test/interview/2817/question.txt,0,0,3,0,0.00
gpt_generated/test/competition/3831/expert.txt,0,0,26,15,36.59
gpt_generated/test/competition/3831/question.txt,0,41,0,0,0.00
gpt_generated/test/interview/2826/expert.txt,0,1,1,1,33.33
gpt_generated/test/interview/2826/question.txt,0,1,2,0,0.00
gpt_generated/test/competition/3935/expert.txt,0,0,15,10,40.00
gpt_generated/test/competition/3935/question.txt,0,15,0,10,40.00
gpt_generated/test/interview/2864/expert.txt,1,0,0,0,0.00
gpt_generated/test/interview/2864/question.txt,0,0,2,1,33.33
gpt_generated/test/competition/3788/expert.txt,0,0,22,27,55.10
gpt_generated/test/competition/3788/question.txt,0,0,22,27,55.10
gpt_generated/test/competition/3785/expert.txt,0,0,55,0,0.00
gpt_generated/test/competition/3785/question.txt,0,0,54,1,1.82
gpt_generated/test/competition/3882/expert.txt,0,0,31,1,3.12
gpt_generated/test/competition/3882/question.txt,0,0,29,3,9.38
gpt_generated/test/interview/2911/expert.txt,0,2,0,0,0.00
gpt_generated/test/interview/2911/question.txt,1,0,0,0,0.00
gpt_generated/test/interview/2939/expert.txt,0,2,0,0,0.00
gpt_generated/test/interview/2939/question.txt,1,0,0,0,0.00
gpt_generated/test/competition/3765/expert.txt,0,0,44,11,20.00
gpt_generated/test/competition/3765/question.txt,0,0,45,10,18.18
gpt_generated/test/interview/2745/expert.txt,1,0,0,0,0.00
gpt_generated/test/interview/2745/question.txt,1,0,0,0,0.00
gpt_generated/test/competition/3764/expert.txt,0,39,16,0,0.00
gpt_generated/test/competition/3764/question.txt,0,0,44,11,20.00
gpt_generated/test/competition/3786/expert.txt,0,50,0,0,0.00
gpt_generated/test/competition/3786/question.txt,0,50,0,0,0.00
gpt_generated/test/competition/3852/expert.txt,0,0,42,0,0.00
gpt_generated/test/competition/3852/question.txt,0,38,3,1,2.38
gpt_generated/test/competition/3876/expert.txt,0,34,0,0,0.00
gpt_generated/test/competition/3876/question.txt,1,0,0,0,0.00
gpt_generated/test/competition/3858/expert.txt,0,36,0,0,0.00
gpt_generated/test/competition/3858/question.txt,0,28,8,0,0.00
gpt_generated/test/competition/3902/expert.txt,0,0,29,0,0.00
gpt_generated/test/competition/3902/question.txt,0,0,29,0,0.00
gpt_generated/test/interview/2935/expert.txt,0,0,2,0,0.00
gpt_generated/test/interview/2935/question.txt,0,2,0,0,0.00
gpt_generated/test/competition/3973/expert.txt,0,13,9,0,0.00
gpt_generated/test/competition/3973/question.txt,0,0,22,0,0.00
gpt_generated/test/interview/2918/expert.txt,1,0,0,0,0.00
gpt_generated/test/interview/2918/question.txt,0,2,0,0,0.00
gpt_generated/test/competition/3956/expert.txt,0,0,23,0,0.00
gpt_generated/test/competition/3956/question.txt,0,0,23,0,0.00
gpt_generated/test/competition/3897/expert.txt,0,0,26,3,10.34
gpt_generated/test/competition/3897/question.txt,0,29,0,0,0.00
gpt_generated/test/competition/3829/expert.txt,0,0,39,2,4.88
gpt_generated/test/competition/3829/question.txt,0,0,39,2,4.88
gpt_generated/test/interview/2973/expert.txt,0,0,2,0,0.00
gpt_generated/test/interview/2973/question.txt,0,2,0,0,0.00
gpt_generated/test/competition/3905/expert.txt,0,28,0,0,0.00
gpt_generated/test/competition/3905/question.txt,0,28,0,0,0.00
gpt_generated/test/competition/3775/expert.txt,0,52,0,0,0.00
gpt_generated/test/competition/3775/question.txt,0,0,33,19,36.54
gpt_generated/test/interview/2944/expert.txt,0,0,1,1,50.00
gpt_generated/test/interview/2944/question.txt,0,2,0,0,0.00
gpt_generated/test/competition/3838/expert.txt,0,0,21,19,47.50
gpt_generated/test/competition/3838/question.txt,0,0,18,22,55.00
gpt_generated/test/interview/0034/expert.txt,0,0,114,21,15.56
gpt_generated/test/interview/0034/question.txt,0,0,107,28,20.74
gpt_generated/test/interview/2128/expert.txt,0,0,7,0,0.00
gpt_generated/test/interview/2128/question.txt,0,0,7,0,0.00
gpt_generated/test/competition/3881/expert.txt,0,0,28,4,12.50
gpt_generated/test/competition/3881/question.txt,0,32,0,0,0.00
gpt_generated/test/competition/3987/expert.txt,0,0,18,2,10.00
gpt_generated/test/competition/3987/question.txt,0,0,17,3,15.00
gpt_generated/test/competition/3853/expert.txt,0,36,0,0,0.00
gpt_generated/test/competition/3853/question.txt,0,36,0,0,0.00
gpt_generated/test/interview/2765/expert.txt,0,0,1,2,66.67
gpt_generated/test/interview/2765/question.txt,0,0,2,1,33.33
gpt_generated/test/competition/3930/expert.txt,0,0,21,4,16.00
gpt_generated/test/competition/3930/question.txt,0,0,21,4,16.00
gpt_generated/test/competition/3820/expert.txt,0,0,13,29,69.05
gpt_generated/test/competition/3820/question.txt,0,4,13,25,59.52
gpt_generated/test/competition/3914/expert.txt,0,0,27,0,0.00
gpt_generated/test/competition/3914/question.txt,0,0,26,1,3.70
gpt_generated/test/interview/2831/expert.txt,0,0,2,1,33.33
gpt_generated/test/interview/2831/question.txt,0,0,2,1,33.33
gpt_generated/test/interview/2828/expert.txt,0,3,0,0,0.00
gpt_generated/test/interview/2828/question.txt,0,0,3,0,0.00
gpt_generated/test/competition/3870/expert.txt,0,34,0,0,0.00
gpt_generated/test/competition/3870/question.txt,0,34,0,0,0.00
gpt_generated/test/competition/3851/expert.txt,0,0,36,1,2.70
gpt_generated/test/competition/3851/question.txt,0,0,36,1,2.70
gpt_generated/test/competition/3999/expert.txt,0,20,0,0,0.00
gpt_generated/test/competition/3999/question.txt,0,15,3,2,10.00
gpt_generated/test/competition/3941/expert.txt,0,0,13,11,45.83
gpt_generated/test/competition/3941/question.txt,0,0,13,11,45.83
gpt_generated/test/competition/3934/expert.txt,1,0,0,0,0.00
gpt_generated/test/competition/3934/question.txt,0,0,25,0,0.00
gpt_generated/test/interview/2942/expert.txt,0,0,1,1,50.00
gpt_generated/test/interview/2942/question.txt,0,0,1,1,50.00
gpt_generated/test/competition/3791/expert.txt,0,0,43,4,8.51
gpt_generated/test/competition/3791/question.txt,0,0,43,4,8.51
gpt_generated/test/competition/3936/expert.txt,0,0,25,0,0.00
gpt_generated/test/competition/3936/question.txt,1,0,0,0,0.00
gpt_generated/test/competition/3779/expert.txt,0,0,50,1,1.96
gpt_generated/test/competition/3779/question.txt,0,0,51,0,0.00
gpt_generated/test/interview/2893/expert.txt,0,0,1,1,50.00
gpt_generated/test/interview/2893/question.txt,0,2,0,0,0.00
gpt_generated/test/competition/3787/expert.txt,1,0,0,0,0.00
gpt_generated/test/competition/3787/question.txt,1,0,0,0,0.00
gpt_generated/test/competition/3938/expert.txt,0,0,24,0,0.00
gpt_generated/test/competition/3938/question.txt,0,0,24,0,0.00
gpt_generated/test/competition/3901/expert.txt,0,0,28,1,3.45
gpt_generated/test/competition/3901/question.txt,0,0,24,5,17.24
gpt_generated/test/competition/3825/expert.txt,1,0,0,0,0.00
gpt_generated/test/competition/3825/question.txt,1,0,0,0,0.00
gpt_generated/test/interview/2870/expert.txt,0,0,3,0,0.00
gpt_generated/test/interview/2870/question.txt,0,0,3,0,0.00
gpt_generated/test/competition/3958/expert.txt,1,0,0,0,0.00
gpt_generated/test/competition/3958/question.txt,1,0,0,0,0.00
gpt_generated/test/competition/3793/expert.txt,0,0,47,0,0.00
gpt_generated/test/competition/3793/question.txt,1,0,0,0,0.00
gpt_generated/test/interview/2859/expert.txt,0,3,0,0,0.00
gpt_generated/test/interview/2859/question.txt,0,0,3,0,0.00
gpt_generated/test/interview/2834/expert.txt,0,0,0,3,100.00
gpt_generated/test/interview/2834/question.txt,0,0,1,2,66.67
gpt_generated/test/interview/2905/expert.txt,0,2,0,0,0.00
gpt_generated/test/interview/2905/question.txt,0,0,0,2,100.00
gpt_generated/test/interview/2842/expert.txt,0,0,3,0,0.00
gpt_generated/test/interview/2842/question.txt,0,0,3,0,0.00
gpt_generated/test/interview/0899/expert.txt,0,0,30,0,0.00
gpt_generated/test/interview/0899/question.txt,0,0,29,1,3.33
gpt_generated/test/competition/3841/expert.txt,0,0,40,0,0.00
gpt_generated/test/competition/3841/question.txt,0,0,40,0,0.00
gpt_generated/test/interview/2808/expert.txt,0,3,0,0,0.00
gpt_generated/test/interview/2808/question.txt,0,3,0,0,0.00
gpt_generated/test/interview/2797/expert.txt,0,0,0,3,100.00
gpt_generated/test/interview/2797/question.txt,0,0,2,1,33.33
gpt_generated/test/interview/2981/expert.txt,0,0,2,0,0.00
gpt_generated/test/interview/2981/question.txt,0,2,0,0,0.00
gpt_generated/test/interview/2970/expert.txt,0,0,2,0,0.00
gpt_generated/test/interview/2970/question.txt,0,0,2,0,0.00
gpt_generated/test/competition/3885/expert.txt,0,0,29,2,6.45
gpt_generated/test/competition/3885/question.txt,0,0,29,2,6.45
gpt_generated/test/interview/2958/expert.txt,0,0,2,0,0.00
gpt_generated/test/interview/2958/question.txt,0,0,2,0,0.00
gpt_generated/test/competition/3919/expert.txt,0,0,27,0,0.00
gpt_generated/test/competition/3919/question.txt,1,0,0,0,0.00
gpt_generated/test/competition/3907/expert.txt,0,12,11,5,17.86
gpt_generated/test/competition/3907/question.txt,0,12,11,5,17.86
gpt_generated/test/competition/3800/expert.txt,0,0,33,13,28.26
gpt_generated/test/competition/3800/question.txt,0,8,28,10,21.74
gpt_generated/test/competition/3864/expert.txt,0,0,34,1,2.86
gpt_generated/test/competition/3864/question.txt,0,0,33,2,5.71
gpt_generated/test/interview/2920/expert.txt,0,2,0,0,0.00
gpt_generated/test/interview/2920/question.txt,0,0,2,0,0.00
gpt_generated/test/interview/2789/expert.txt,0,0,3,0,0.00
gpt_generated/test/interview/2789/question.txt,0,0,3,0,0.00
gpt_generated/test/interview/2841/expert.txt,0,0,3,0,0.00
gpt_generated/test/interview/2841/question.txt,0,0,2,1,33.33
gpt_generated/test/competition/3863/expert.txt,0,0,32,3,8.57
gpt_generated/test/competition/3863/question.txt,0,31,2,2,5.71
gpt_generated/test/competition/3892/expert.txt,0,0,30,0,0.00
gpt_generated/test/competition/3892/question.txt,0,0,30,0,0.00
gpt_generated/test/interview/2957/expert.txt,0,0,0,2,100.00
gpt_generated/test/interview/2957/question.txt,0,0,2,0,0.00
gpt_generated/test/competition/3951/expert.txt,0,0,20,3,13.04
gpt_generated/test/competition/3951/question.txt,0,0,22,1,4.35
gpt_generated/test/competition/3761/expert.txt,0,56,0,0,0.00
gpt_generated/test/competition/3761/question.txt,1,0,0,0,0.00
gpt_generated/test/competition/3912/expert.txt,0,0,27,0,0.00
gpt_generated/test/competition/3912/question.txt,1,0,0,0,0.00
gpt_generated/test/interview/2756/expert.txt,1,0,0,0,0.00
gpt_generated/test/interview/2756/question.txt,0,0,3,0,0.00
gpt_generated/test/interview/2791/expert.txt,0,0,1,2,66.67
gpt_generated/test/interview/2791/question.txt,0,0,0,3,100.00
gpt_generated/test/interview/2839/expert.txt,1,0,0,0,0.00
gpt_generated/test/interview/2839/question.txt,0,0,3,0,0.00
gpt_generated/test/competition/3995/expert.txt,0,0,17,3,15.00
gpt_generated/test/competition/3995/question.txt,1,0,0,0,0.00
gpt_generated/test/interview/2823/expert.txt,0,0,3,0,0.00
gpt_generated/test/interview/2823/question.txt,0,0,3,0,0.00
gpt_generated/test/interview/2971/expert.txt,0,0,2,0,0.00
gpt_generated/test/interview/2971/question.txt,0,2,0,0,0.00
gpt_generated/test/interview/2917/expert.txt,0,0,1,1,50.00
gpt_generated/test/interview/2917/question.txt,0,0,1,1,50.00
gpt_generated/test/interview/2848/expert.txt,0,3,0,0,0.00
gpt_generated/test/interview/2848/question.txt,0,3,0,0,0.00
gpt_generated/test/interview/2876/expert.txt,0,1,1,1,33.33
gpt_generated/test/interview/2876/question.txt,0,1,1,1,33.33
gpt_generated/test/interview/2956/expert.txt,1,0,0,0,0.00
gpt_generated/test/interview/2956/question.txt,1,0,0,0,0.00
gpt_generated/test/interview/2980/expert.txt,0,0,2,0,0.00
gpt_generated/test/interview/2980/question.txt,0,0,2,0,0.00
gpt_generated/test/interview/2992/expert.txt,1,0,0,0,0.00
gpt_generated/test/interview/2992/question.txt,0,1,0,1,50.00
gpt_generated/test/interview/0521/expert.txt,0,0,18,27,60.00
gpt_generated/test/interview/0521/question.txt,0,0,15,30,66.67
gpt_generated/test/competition/3975/expert.txt,0,21,0,0,0.00
gpt_generated/test/competition/3975/question.txt,0,21,0,0,0.00
gpt_generated/test/interview/2862/expert.txt,0,0,3,0,0.00
gpt_generated/test/interview/2862/question.txt,0,0,3,0,0.00
gpt_generated/test/interview/2990/expert.txt,0,2,0,0,0.00
gpt_generated/test/interview/2990/question.txt,0,0,2,0,0.00
gpt_generated/test/interview/2829/expert.txt,0,0,3,0,0.00
gpt_generated/test/interview/2829/question.txt,0,0,3,0,0.00
gpt_generated/test/competition/3908/expert.txt,0,0,28,0,0.00
gpt_generated/test/competition/3908/question.txt,0,0,13,15,53.57
gpt_generated/test/competition/3836/expert.txt,0,0,36,4,10.00
gpt_generated/test/competition/3836/question.txt,0,0,35,5,12.50
gpt_generated/test/competition/3834/expert.txt,0,0,32,8,20.00
gpt_generated/test/competition/3834/question.txt,0,0,40,0,0.00
gpt_generated/test/interview/2860/expert.txt,1,0,0,0,0.00
gpt_generated/test/interview/2860/question.txt,0,3,0,0,0.00
gpt_generated/test/interview/2082/expert.txt,0,0,8,0,0.00
gpt_generated/test/interview/2082/question.txt,0,0,8,0,0.00
gpt_generated/test/competition/3906/expert.txt,0,0,28,0,0.00
gpt_generated/test/competition/3906/question.txt,1,0,0,0,0.00
gpt_generated/test/interview/2800/expert.txt,1,0,0,0,0.00
gpt_generated/test/interview/2800/question.txt,0,0,2,1,33.33
gpt_generated/test/interview/2964/expert.txt,0,0,0,2,100.00
gpt_generated/test/interview/2964/question.txt,0,0,0,2,100.00
gpt_generated/test/interview/2824/expert.txt,0,0,3,0,0.00
gpt_generated/test/interview/2824/question.txt,0,0,3,0,0.00
gpt_generated/test/interview/2881/expert.txt,0,3,0,0,0.00
gpt_generated/test/interview/2881/question.txt,0,0,2,1,33.33
gpt_generated/test/interview/2963/expert.txt,1,0,0,0,0.00
gpt_generated/test/interview/2963/question.txt,0,2,0,0,0.00
gpt_generated/test/interview/2988/expert.txt,1,0,0,0,0.00
gpt_generated/test/interview/2988/question.txt,1,0,0,0,0.00
gpt_generated/test/competition/3946/expert.txt,0,0,23,0,0.00
gpt_generated/test/competition/3946/question.txt,0,0,23,0,0.00
gpt_generated/test/interview/2931/expert.txt,0,0,2,0,0.00
gpt_generated/test/interview/2931/question.txt,0,0,2,0,0.00
gpt_generated/test/competition/3884/expert.txt,0,0,20,11,35.48
gpt_generated/test/competition/3884/question.txt,0,0,24,7,22.58
gpt_generated/test/competition/3911/expert.txt,0,8,18,1,3.70
gpt_generated/test/competition/3911/question.txt,0,0,26,1,3.70
gpt_generated/test/interview/0870/expert.txt,0,0,30,0,0.00
gpt_generated/test/interview/0870/question.txt,0,0,30,0,0.00
gpt_generated/test/interview/2853/expert.txt,0,0,2,1,33.33
gpt_generated/test/interview/2853/question.txt,0,0,2,1,33.33
gpt_generated/test/competition/3792/expert.txt,0,0,40,7,14.89
gpt_generated/test/competition/3792/question.txt,0,0,45,2,4.26
gpt_generated/test/interview/2908/expert.txt,0,0,1,1,50.00
gpt_generated/test/interview/2908/question.txt,0,0,1,1,50.00
gpt_generated/test/interview/2792/expert.txt,0,3,0,0,0.00
gpt_generated/test/interview/2792/question.txt,1,0,0,0,0.00
gpt_generated/test/competition/3783/expert.txt,0,45,4,1,2.00
gpt_generated/test/competition/3783/question.txt,0,43,6,1,2.00
gpt_generated/test/interview/2803/expert.txt,0,0,3,0,0.00
gpt_generated/test/interview/2803/question.txt,0,3,0,0,0.00
gpt_generated/test/interview/2927/expert.txt,0,2,0,0,0.00
gpt_generated/test/interview/2927/question.txt,0,0,1,1,50.00
gpt_generated/test/interview/2865/expert.txt,0,0,3,0,0.00
gpt_generated/test/interview/2865/question.txt,0,3,0,0,0.00
gpt_generated/test/interview/2888/expert.txt,0,0,2,0,0.00
gpt_generated/test/interview/2888/question.txt,0,0,2,0,0.00
gpt_generated/test/competition/3822/expert.txt,0,0,38,4,9.52
gpt_generated/test/competition/3822/question.txt,0,0,34,8,19.05
gpt_generated/test/competition/3769/expert.txt,0,0,53,1,1.85
gpt_generated/test/competition/3769/question.txt,0,0,53,1,1.85
gpt_generated/test/competition/3828/expert.txt,0,0,39,3,7.14
gpt_generated/test/competition/3828/question.txt,0,0,39,3,7.14
gpt_generated/test/competition/3780/expert.txt,1,0,0,0,0.00
gpt_generated/test/competition/3780/question.txt,1,0,0,0,0.00
gpt_generated/test/competition/3845/expert.txt,0,44,0,0,0.00
gpt_generated/test/competition/3845/question.txt,1,0,0,0,0.00
gpt_generated/test/competition/3933/expert.txt,0,0,22,3,12.00
gpt_generated/test/competition/3933/question.txt,0,4,17,4,16.00
gpt_generated/test/competition/3835/expert.txt,0,0,40,0,0.00
gpt_generated/test/competition/3835/question.txt,0,0,40,0,0.00
gpt_generated/test/competition/3846/expert.txt,0,23,12,3,7.89
gpt_generated/test/competition/3846/question.txt,0,23,12,3,7.89
gpt_generated/test/interview/2811/expert.txt,0,3,0,0,0.00
gpt_generated/test/interview/2811/question.txt,0,3,0,0,0.00
gpt_generated/test/competition/3986/expert.txt,0,0,20,0,0.00
gpt_generated/test/competition/3986/question.txt,0,0,18,2,10.00
gpt_generated/test/competition/3862/expert.txt,1,0,0,0,0.00
gpt_generated/test/competition/3862/question.txt,1,0,0,0,0.00
gpt_generated/test/interview/2830/expert.txt,0,0,3,0,0.00
gpt_generated/test/interview/2830/question.txt,1,0,0,0,0.00
gpt_generated/test/interview/2946/expert.txt,0,0,2,0,0.00
gpt_generated/test/interview/2946/question.txt,0,0,2,0,0.00
gpt_generated/test/competition/3855/expert.txt,0,0,34,2,5.56
gpt_generated/test/competition/3855/question.txt,0,0,33,3,8.33
gpt_generated/test/interview/2892/expert.txt,1,0,0,0,0.00
gpt_generated/test/interview/2892/question.txt,0,0,2,0,0.00
gpt_generated/test/competition/3235/expert.txt,1,0,0,0,0.00
gpt_generated/test/competition/3235/question.txt,1,0,0,0,0.00
gpt_generated/test/competition/3923/expert.txt,0,0,25,1,3.85
gpt_generated/test/competition/3923/question.txt,0,0,25,1,3.85
gpt_generated/test/competition/3047/expert.txt,0,0,4,0,0.00
gpt_generated/test/competition/3047/question.txt,1,0,0,0,0.00
gpt_generated/test/interview/2912/expert.txt,0,0,0,2,100.00
gpt_generated/test/interview/2912/question.txt,0,0,0,2,100.00
gpt_generated/test/competition/3880/expert.txt,0,0,32,0,0.00
gpt_generated/test/competition/3880/question.txt,0,0,32,0,0.00
gpt_generated/test/interview/2851/expert.txt,0,0,3,0,0.00
gpt_generated/test/interview/2851/question.txt,0,0,3,0,0.00
gpt_generated/test/competition/3807/expert.txt,0,0,45,0,0.00
gpt_generated/test/competition/3807/question.txt,0,0,45,0,0.00
gpt_generated/test/competition/3915/expert.txt,0,0,26,1,3.70
gpt_generated/test/competition/3915/question.txt,0,0,27,0,0.00
gpt_generated/test/competition/3778/expert.txt,0,0,33,18,35.29
gpt_generated/test/competition/3778/question.txt,0,0,26,25,49.02
gpt_generated/test/interview/2844/expert.txt,1,0,0,0,0.00
gpt_generated/test/interview/2844/question.txt,1,0,0,0,0.00
gpt_generated/test/competition/3856/expert.txt,1,0,0,0,0.00
gpt_generated/test/competition/3856/question.txt,1,0,0,0,0.00
gpt_generated/test/competition/3322/expert.txt,0,0,2,0,0.00
gpt_generated/test/competition/3322/question.txt,0,0,2,0,0.00
gpt_generated/test/competition/3861/expert.txt,0,20,4,11,31.43
gpt_generated/test/competition/3861/question.txt,0,20,4,11,31.43
gpt_generated/test/competition/3974/expert.txt,0,0,16,5,23.81
gpt_generated/test/competition/3974/question.txt,0,0,15,6,28.57
gpt_generated/test/competition/3883/expert.txt,0,0,31,0,0.00
gpt_generated/test/competition/3883/question.txt,0,0,31,0,0.00
gpt_generated/test/interview/2938/expert.txt,0,0,1,1,50.00
gpt_generated/test/interview/2938/question.txt,0,0,1,1,50.00
gpt_generated/test/interview/2822/expert.txt,0,0,3,0,0.00
gpt_generated/test/interview/2822/question.txt,0,0,3,0,0.00
gpt_generated/test/interview/2913/expert.txt,0,0,1,1,50.00
gpt_generated/test/interview/2913/question.txt,1,0,0,0,0.00
gpt_generated/test/competition/3927/expert.txt,0,31,0,0,0.00
gpt_generated/test/competition/3927/question.txt,0,31,0,0,0.00
gpt_generated/test/competition/3922/expert.txt,0,26,0,0,0.00
gpt_generated/test/competition/3922/question.txt,1,0,0,0,0.00
gpt_generated/test/interview/2919/expert.txt,0,0,2,0,0.00
gpt_generated/test/interview/2919/question.txt,0,2,0,0,0.00
gpt_generated/test/interview/2794/expert.txt,0,0,3,0,0.00
gpt_generated/test/interview/2794/question.txt,0,0,3,0,0.00
gpt_generated/test/interview/2930/expert.txt,0,0,2,0,0.00
gpt_generated/test/interview/2930/question.txt,1,0,0,0,0.00
gpt_generated/test/interview/2975/expert.txt,1,0,0,0,0.00
gpt_generated/test/interview/2975/question.txt,0,0,2,0,0.00
gpt_generated/test/competition/3804/expert.txt,0,0,43,2,4.44
gpt_generated/test/competition/3804/question.txt,0,0,43,2,4.44
gpt_generated/test/competition/3821/expert.txt,0,0,28,14,33.33
gpt_generated/test/competition/3821/question.txt,0,0,39,3,7.14
gpt_generated/test/competition/3854/expert.txt,0,0,36,0,0.00
gpt_generated/test/competition/3854/question.txt,0,0,36,0,0.00
gpt_generated/test/competition/3904/expert.txt,1,0,0,0,0.00
gpt_generated/test/competition/3904/question.txt,0,0,25,3,10.71
gpt_generated/test/interview/2979/expert.txt,0,0,2,0,0.00
gpt_generated/test/interview/2979/question.txt,0,1,1,0,0.00
gpt_generated/test/interview/1451/expert.txt,0,0,8,9,52.94
gpt_generated/test/interview/1451/question.txt,0,0,8,9,52.94
gpt_generated/test/interview/0613/expert.txt,0,0,10,30,75.00
gpt_generated/test/interview/0613/question.txt,0,0,10,30,75.00
gpt_generated/test/competition/3036/expert.txt,1,0,0,0,0.00
gpt_generated/test/competition/3036/question.txt,0,4,0,0,0.00
gpt_generated/test/competition/3918/expert.txt,0,13,9,5,18.52
gpt_generated/test/competition/3918/question.txt,0,0,22,5,18.52
gpt_generated/test/interview/2940/expert.txt,1,0,0,0,0.00
gpt_generated/test/interview/2940/question.txt,0,0,1,1,50.00
gpt_generated/test/competition/3887/expert.txt,0,31,0,0,0.00
gpt_generated/test/competition/3887/question.txt,0,0,29,2,6.45
gpt_generated/test/interview/2815/expert.txt,0,0,0,3,100.00
gpt_generated/test/interview/2815/question.txt,0,0,0,3,100.00
gpt_generated/test/interview/2953/expert.txt,0,0,2,0,0.00
gpt_generated/test/interview/2953/question.txt,0,0,0,2,100.00
gpt_generated/test/competition/3766/expert.txt,0,54,0,0,0.00
gpt_generated/test/competition/3766/question.txt,0,0,44,10,18.52
gpt_generated/test/interview/2857/expert.txt,0,3,0,0,0.00
gpt_generated/test/interview/2857/question.txt,0,0,2,1,33.33
gpt_generated/test/interview/2885/expert.txt,1,0,0,0,0.00
gpt_generated/test/interview/2885/question.txt,1,0,0,0,0.00
gpt_generated/test/interview/2914/expert.txt,0,0,2,0,0.00
gpt_generated/test/interview/2914/question.txt,0,0,2,0,0.00
gpt_generated/test/interview/2855/expert.txt,0,0,3,0,0.00
gpt_generated/test/interview/2855/question.txt,0,0,3,0,0.00
gpt_generated/test/competition/3972/expert.txt,0,0,22,0,0.00
gpt_generated/test/competition/3972/question.txt,0,0,22,0,0.00
gpt_generated/test/interview/0615/expert.txt,0,28,12,0,0.00
gpt_generated/test/interview/0615/question.txt,0,28,12,0,0.00
gpt_generated/test/interview/2936/expert.txt,0,0,1,1,50.00
gpt_generated/test/interview/2936/question.txt,0,0,2,0,0.00
gpt_generated/test/interview/2795/expert.txt,0,0,3,0,0.00
gpt_generated/test/interview/2795/question.txt,0,0,3,0,0.00
gpt_generated/test/interview/2955/expert.txt,0,0,2,0,0.00
gpt_generated/test/interview/2955/question.txt,1,0,0,0,0.00
gpt_generated/test/interview/2916/expert.txt,1,0,0,0,0.00
gpt_generated/test/interview/2916/question.txt,1,0,0,0,0.00
gpt_generated/test/interview/2847/expert.txt,0,0,1,2,66.67
gpt_generated/test/interview/2847/question.txt,0,0,1,2,66.67
gpt_generated/test/competition/3947/expert.txt,0,0,22,1,4.35
gpt_generated/test/competition/3947/question.txt,0,2,19,2,8.70
gpt_generated/test/competition/3781/expert.txt,0,0,5,46,90.20
gpt_generated/test/competition/3781/question.txt,1,0,0,0,0.00
gpt_generated/test/competition/3869/expert.txt,0,0,34,0,0.00
gpt_generated/test/competition/3869/question.txt,0,0,34,0,0.00
gpt_generated/test/interview/2995/expert.txt,1,0,0,0,0.00
gpt_generated/test/interview/2995/question.txt,0,0,2,0,0.00
gpt_generated/test/competition/3826/expert.txt,0,0,39,3,7.14
gpt_generated/test/competition/3826/question.txt,0,0,6,36,85.71
gpt_generated/test/competition/3830/expert.txt,1,0,0,0,0.00
gpt_generated/test/competition/3830/question.txt,1,0,0,0,0.00
gpt_generated/test/competition/3802/expert.txt,0,0,45,1,2.17
gpt_generated/test/competition/3802/question.txt,0,0,42,4,8.70
gpt_generated/test/competition/3900/expert.txt,0,0,27,2,6.90
gpt_generated/test/competition/3900/question.txt,0,0,28,1,3.45
gpt_generated/test/competition/3819/expert.txt,0,12,28,2,4.76
gpt_generated/test/competition/3819/question.txt,0,0,36,6,14.29
gpt_generated/test/interview/2868/expert.txt,0,0,2,1,33.33
gpt_generated/test/interview/2868/question.txt,1,0,0,0,0.00
gpt_generated/test/competition/3909/expert.txt,0,0,24,4,14.29
gpt_generated/test/competition/3909/question.txt,0,0,26,2,7.14
gpt_generated/test/interview/2915/expert.txt,1,0,0,0,0.00
gpt_generated/test/interview/2915/question.txt,0,0,2,0,0.00
gpt_generated/test/interview/2902/expert.txt,0,0,2,0,0.00
gpt_generated/test/interview/2902/question.txt,0,0,2,0,0.00
gpt_generated/test/interview/2890/expert.txt,0,0,0,2,100.00
gpt_generated/test/interview/2890/question.txt,0,0,1,1,50.00
gpt_generated/test/interview/2807/expert.txt,0,0,3,0,0.00
gpt_generated/test/interview/2807/question.txt,1,0,0,0,0.00
gpt_generated/test/competition/3810/expert.txt,0,0,49,0,0.00
gpt_generated/test/competition/3810/question.txt,0,0,47,2,4.08
gpt_generated/test/interview/2906/expert.txt,0,0,1,1,50.00
gpt_generated/test/interview/2906/question.txt,0,0,0,2,100.00
gpt_generated/test/interview/2889/expert.txt,0,0,2,0,0.00
gpt_generated/test/interview/2889/question.txt,1,0,0,0,0.00
gpt_generated/test/competition/3859/expert.txt,0,36,0,0,0.00
gpt_generated/test/competition/3859/question.txt,1,0,0,0,0.00
gpt_generated/test/competition/3857/expert.txt,0,14,22,0,0.00
gpt_generated/test/competition/3857/question.txt,0,0,29,7,19.44
gpt_generated/test/interview/2972/expert.txt,0,2,0,0,0.00
gpt_generated/test/interview/2972/question.txt,0,0,2,0,0.00
gpt_generated/test/interview/2833/expert.txt,0,0,2,1,33.33
gpt_generated/test/interview/2833/question.txt,0,0,2,1,33.33
gpt_generated/test/competition/3805/expert.txt,0,45,0,0,0.00
gpt_generated/test/competition/3805/question.txt,0,0,45,0,0.00
gpt_generated/test/competition/3816/expert.txt,0,0,43,0,0.00
gpt_generated/test/competition/3816/question.txt,0,0,43,0,0.00
gpt_generated/test/interview/2976/expert.txt,1,0,0,0,0.00
gpt_generated/test/interview/2976/question.txt,0,0,2,0,0.00
gpt_generated/test/competition/3983/expert.txt,1,0,0,0,0.00
gpt_generated/test/competition/3983/question.txt,1,0,0,0,0.00
gpt_generated/test/interview/2968/expert.txt,0,0,2,0,0.00
gpt_generated/test/interview/2968/question.txt,1,0,0,0,0.00
gpt_generated/test/competition/3950/expert.txt,0,23,0,0,0.00
gpt_generated/test/competition/3950/question.txt,0,1,14,8,34.78
gpt_generated/test/interview/2867/expert.txt,0,3,0,0,0.00
gpt_generated/test/interview/2867/question.txt,0,0,3,0,0.00
gpt_generated/test/interview/2818/expert.txt,0,0,2,1,33.33
gpt_generated/test/interview/2818/question.txt,0,0,3,0,0.00
gpt_generated/test/interview/2986/expert.txt,0,0,2,0,0.00
gpt_generated/test/interview/2986/question.txt,0,0,2,0,0.00
gpt_generated/test/competition/3790/expert.txt,0,0,46,2,4.17
gpt_generated/test/competition/3790/question.txt,0,40,7,1,2.08
gpt_generated/test/competition/3872/expert.txt,0,0,11,23,67.65
gpt_generated/test/competition/3872/question.txt,0,0,11,23,67.65
gpt_generated/test/competition/3942/expert.txt,0,0,24,0,0.00
gpt_generated/test/competition/3942/question.txt,1,0,0,0,0.00
gpt_generated/test/interview/0470/expert.txt,0,0,47,1,2.08
gpt_generated/test/interview/0470/question.txt,0,0,47,1,2.08
gpt_generated/test/interview/1831/expert.txt,0,0,5,6,54.55
gpt_generated/test/interview/1831/question.txt,0,0,7,4,36.36
gpt_generated/test/competition/3808/expert.txt,0,0,16,29,64.44
gpt_generated/test/competition/3808/question.txt,0,0,6,39,86.67
gpt_generated/test/interview/2816/expert.txt,0,0,2,1,33.33
gpt_generated/test/interview/2816/question.txt,1,0,0,0,0.00
gpt_generated/test/competition/3840/expert.txt,0,0,36,4,10.00
gpt_generated/test/competition/3840/question.txt,0,0,36,4,10.00
gpt_generated/test/competition/3813/expert.txt,1,0,0,0,0.00
gpt_generated/test/competition/3813/question.txt,0,44,0,0,0.00
gpt_generated/test/competition/3948/expert.txt,1,0,0,0,0.00
gpt_generated/test/competition/3948/question.txt,1,0,0,0,0.00
gpt_generated/test/competition/3865/expert.txt,0,0,37,2,5.13
gpt_generated/test/competition/3865/question.txt,0,0,12,27,69.23
gpt_generated/test/interview/2832/expert.txt,1,0,0,0,0.00
gpt_generated/test/interview/2832/question.txt,1,0,0,0,0.00
gpt_generated/test/competition/3763/expert.txt,0,0,43,12,21.82
gpt_generated/test/competition/3763/question.txt,0,0,43,12,21.82
gpt_generated/test/interview/2896/expert.txt,0,0,2,0,0.00
gpt_generated/test/interview/2896/question.txt,0,0,2,0,0.00
gpt_generated/test/competition/3953/expert.txt,0,0,23,0,0.00
gpt_generated/test/competition/3953/question.txt,0,0,23,0,0.00
gpt_generated/test/competition/3596/expert.txt,0,0,2,0,0.00
gpt_generated/test/competition/3596/question.txt,1,0,0,0,0.00
gpt_generated/test/competition/3898/expert.txt,0,0,18,11,37.93
gpt_generated/test/competition/3898/question.txt,0,0,19,10,34.48
gpt_generated/test/interview/2987/expert.txt,0,0,2,0,0.00
gpt_generated/test/interview/2987/question.txt,0,0,2,0,0.00
gpt_generated/test/competition/3921/expert.txt,0,0,17,9,34.62
gpt_generated/test/competition/3921/question.txt,0,0,18,8,30.77
